{
  "PlayTime": 115.470978,
  "SaveCharacterInfo": [
    {
      "Exist": true,
      "Dead": false,
      "Name": "Heail",
      "Skill": [
        9101,
        9102,
        0,
        0
      ],
      "HaveSkill": [
        9101,
        9102,
        0,
        0
      ],
      "MaximumHp": 100.0,
      "CurrentHp": 15.0,
      "MaximumMp": 130.0,
      "CurrentMp": 70.0
    },
    {
      "Exist": false,
      "Dead": false,
      "Name": "Cavil",
      "Skill": [
        9201,
        9202,
        0,
        0
      ],
      "HaveSkill": [
        9201,
        9202,
        0,
        0
      ],
      "MaximumHp": 120.0,
      "CurrentHp": 120.0,
      "MaximumMp": 105.0,
      "CurrentMp": 105.0
    },
    {
      "Exist": false,
      "Dead": false,
      "Name": "Lippi",
      "Skill": [
        9301,
        9302,
        0,
        0
      ],
      "HaveSkill": [
        9301,
        9302,
        0,
        0
      ],
      "MaximumHp": 95.0,
      "CurrentHp": 95.0,
      "MaximumMp": 140.0,
      "CurrentMp": 140.0
    }
  ],
  "SaveItem": [
    {
      "Code": 2002,
      "Amount": 0
    }
  ],
  "SaveUseItem": [
    {
      "Code": 2002,
      "Count": 1
    }
  ],
  "SavePos": {
    "Code": 8402,
    "X": -0.178241625,
    "Y": 14.8071337,
    "Chapter": 1
  },
  "SaveMonster": [
    {
      "Code": 1001,
      "KillCount": 1
    }
  ],
  "SaveFindEvent": [
    {
      "Code": 8402,
      "X": -2,
      "Y": 16,
      "Z": 0
    }
  ],
  "SaveFindItem": [
    {
      "Code": 8404,
      "X": -4,
      "Y": 2,
      "Z": 0
    }
  ],
  "SaveEvent": [
    20002,
    6000,
    20003,
    10002,
    20001,
    6002,
    6003,
    20004,
    6004,
    20005,
    6102
  ],
  "SaveTutorial": [
    10001,
    10002,
    10003,
    10004,
    10005,
    10006,
    10007
  ]
}